run num, episode, score
0,1,46.6666666667
0,2,46.6666666667
0,3,73.3333333333
0,4,46.6666666667
0,5,46.6666666667
0,6,60.0
0,7,60.0
0,8,46.6666666667
0,9,53.3333333333
0,10,46.6666666667
0,11,93.3333333333
0,12,46.6666666667
0,13,66.6666666667
0,14,73.3333333333
0,15,60.0
0,16,60.0
0,17,53.3333333333
0,18,53.3333333333
0,19,46.6666666667
0,20,66.6666666667
0,21,46.6666666667
0,22,73.3333333333
0,23,53.3333333333
0,24,66.6666666667
0,25,60.0
0,26,80.0
0,27,93.3333333333
0,28,46.6666666667
0,29,86.6666666667
0,30,66.6666666667
0,31,73.3333333333
0,32,73.3333333333
0,33,53.3333333333
0,34,60.0
0,35,73.3333333333
0,36,60.0
0,37,60.0
0,38,60.0
0,39,53.3333333333
0,40,53.3333333333
0,41,46.6666666667
0,42,46.6666666667
0,43,60.0
0,44,46.6666666667
0,45,60.0
0,46,46.6666666667
0,47,46.6666666667
0,48,66.6666666667
0,49,53.3333333333
0,50,26.6666666667
0,51,60.0
0,52,46.6666666667
0,53,53.3333333333
0,54,46.6666666667
0,55,73.3333333333
0,56,46.6666666667
0,57,46.6666666667
0,58,53.3333333333
0,59,53.3333333333
0,60,60.0
0,61,26.6666666667
0,62,53.3333333333
0,63,46.6666666667
0,64,53.3333333333
0,65,46.6666666667
0,66,26.6666666667
0,67,73.3333333333
0,68,86.6666666667
0,69,26.6666666667
0,70,53.3333333333
0,71,53.3333333333
0,72,86.6666666667
0,73,26.6666666667
0,74,46.6666666667
0,75,53.3333333333
0,76,26.6666666667
0,77,73.3333333333
0,78,53.3333333333
0,79,53.3333333333
0,80,26.6666666667
0,81,73.3333333333
0,82,53.3333333333
0,83,46.6666666667
0,84,53.3333333333
0,85,73.3333333333
0,86,46.6666666667
0,87,73.3333333333
0,88,46.6666666667
0,89,80.0
0,90,53.3333333333
0,91,60.0
0,92,46.6666666667
0,93,46.6666666667
0,94,60.0
0,95,60.0
0,96,46.6666666667
0,97,26.6666666667
0,98,53.3333333333
0,99,46.6666666667
0,100,80.0
0,101,46.6666666667
0,102,26.6666666667
0,103,73.3333333333
0,104,60.0
0,105,53.3333333333
0,106,53.3333333333
0,107,53.3333333333
0,108,46.6666666667
0,109,60.0
0,110,46.6666666667
0,111,73.3333333333
0,112,60.0
0,113,46.6666666667
0,114,66.6666666667
0,115,53.3333333333
0,116,53.3333333333
0,117,46.6666666667
0,118,26.6666666667
0,119,53.3333333333
0,120,46.6666666667
0,121,46.6666666667
0,122,73.3333333333
0,123,53.3333333333
0,124,53.3333333333
0,125,46.6666666667
0,126,53.3333333333
0,127,26.6666666667
0,128,53.3333333333
0,129,53.3333333333
0,130,86.6666666667
0,131,53.3333333333
0,132,46.6666666667
0,133,53.3333333333
0,134,53.3333333333
0,135,26.6666666667
0,136,60.0
0,137,53.3333333333
0,138,60.0
0,139,66.6666666667
0,140,53.3333333333
0,141,60.0
0,142,53.3333333333
0,143,53.3333333333
0,144,26.6666666667
0,145,46.6666666667
0,146,60.0
0,147,73.3333333333
0,148,46.6666666667
0,149,53.3333333333
0,150,53.3333333333
0,151,53.3333333333
0,152,53.3333333333
0,153,73.3333333333
0,154,80.0
0,155,53.3333333333
0,156,73.3333333333
0,157,46.6666666667
0,158,53.3333333333
0,159,60.0
0,160,73.3333333333
0,161,26.6666666667
0,162,46.6666666667
0,163,53.3333333333
0,164,46.6666666667
0,165,60.0
0,166,93.3333333333
0,167,46.6666666667
0,168,66.6666666667
0,169,46.6666666667
0,170,60.0
0,171,53.3333333333
0,172,46.6666666667
0,173,53.3333333333
0,174,60.0
0,175,80.0
0,176,60.0
0,177,73.3333333333
0,178,86.6666666667
0,179,60.0
0,180,46.6666666667
0,181,60.0
0,182,46.6666666667
0,183,53.3333333333
0,184,46.6666666667
0,185,73.3333333333
0,186,60.0
0,187,46.6666666667
0,188,60.0
0,189,26.6666666667
0,190,46.6666666667
0,191,60.0
0,192,46.6666666667
0,193,46.6666666667
0,194,73.3333333333
0,195,46.6666666667
0,196,53.3333333333
0,197,26.6666666667
0,198,93.3333333333
0,199,46.6666666667
0,200,73.3333333333
0,201,46.6666666667
0,202,60.0
0,203,53.3333333333
0,204,60.0
0,205,60.0
0,206,86.6666666667
0,207,46.6666666667
0,208,53.3333333333
0,209,66.6666666667
0,210,26.6666666667
0,211,60.0
0,212,26.6666666667
0,213,60.0
0,214,86.6666666667
0,215,53.3333333333
0,216,53.3333333333
0,217,53.3333333333
0,218,46.6666666667
0,219,46.6666666667
0,220,53.3333333333
0,221,93.3333333333
0,222,46.6666666667
0,223,60.0
0,224,53.3333333333
0,225,26.6666666667
0,226,46.6666666667
0,227,53.3333333333
0,228,26.6666666667
0,229,46.6666666667
0,230,26.6666666667
0,231,73.3333333333
0,232,73.3333333333
0,233,73.3333333333
0,234,66.6666666667
0,235,53.3333333333
0,236,26.6666666667
0,237,46.6666666667
0,238,46.6666666667
0,239,26.6666666667
0,240,53.3333333333
0,241,46.6666666667
0,242,86.6666666667
0,243,66.6666666667
0,244,60.0
0,245,46.6666666667
0,246,26.6666666667
0,247,66.6666666667
0,248,53.3333333333
0,249,46.6666666667
0,250,53.3333333333
0,251,73.3333333333
0,252,60.0
0,253,46.6666666667
0,254,46.6666666667
0,255,26.6666666667
0,256,46.6666666667
0,257,66.6666666667
0,258,73.3333333333
0,259,73.3333333333
0,260,46.6666666667
0,261,26.6666666667
0,262,60.0
0,263,53.3333333333
0,264,73.3333333333
0,265,80.0
0,266,46.6666666667
0,267,73.3333333333
0,268,73.3333333333
0,269,66.6666666667
0,270,53.3333333333
0,271,60.0
0,272,86.6666666667
0,273,46.6666666667
0,274,46.6666666667
0,275,53.3333333333
0,276,60.0
0,277,73.3333333333
0,278,53.3333333333
0,279,46.6666666667
0,280,53.3333333333
0,281,46.6666666667
0,282,66.6666666667
0,283,73.3333333333
0,284,73.3333333333
0,285,53.3333333333
0,286,86.6666666667
0,287,60.0
0,288,53.3333333333
0,289,66.6666666667
0,290,26.6666666667
0,291,53.3333333333
0,292,60.0
0,293,53.3333333333
0,294,66.6666666667
0,295,73.3333333333
0,296,73.3333333333
0,297,46.6666666667
0,298,26.6666666667
0,299,73.3333333333
0,300,80.0
0,301,26.6666666667
0,302,46.6666666667
0,303,66.6666666667
0,304,46.6666666667
0,305,46.6666666667
0,306,73.3333333333
0,307,53.3333333333
0,308,73.3333333333
0,309,53.3333333333
0,310,53.3333333333
0,311,73.3333333333
0,312,53.3333333333
0,313,53.3333333333
0,314,53.3333333333
0,315,46.6666666667
0,316,73.3333333333
0,317,60.0
0,318,60.0
0,319,46.6666666667
0,320,60.0
0,321,53.3333333333
0,322,53.3333333333
0,323,60.0
0,324,86.6666666667
0,325,26.6666666667
0,326,46.6666666667
0,327,46.6666666667
0,328,46.6666666667
0,329,86.6666666667
0,330,46.6666666667
0,331,73.3333333333
0,332,80.0
0,333,73.3333333333
0,334,53.3333333333
0,335,60.0
0,336,66.6666666667
0,337,73.3333333333
0,338,26.6666666667
0,339,46.6666666667
0,340,53.3333333333
0,341,60.0
0,342,26.6666666667
0,343,60.0
0,344,60.0
0,345,53.3333333333
0,346,46.6666666667
0,347,46.6666666667
0,348,73.3333333333
0,349,60.0
0,350,53.3333333333
0,351,53.3333333333
0,352,46.6666666667
0,353,86.6666666667
0,354,86.6666666667
0,355,60.0
0,356,26.6666666667
0,357,53.3333333333
0,358,60.0
0,359,66.6666666667
0,360,26.6666666667
0,361,26.6666666667
0,362,46.6666666667
0,363,60.0
0,364,53.3333333333
0,365,53.3333333333
0,366,60.0
0,367,53.3333333333
0,368,53.3333333333
0,369,46.6666666667
0,370,46.6666666667
0,371,60.0
0,372,73.3333333333
0,373,66.6666666667
0,374,53.3333333333
0,375,53.3333333333
0,376,26.6666666667
0,377,60.0
0,378,60.0
0,379,46.6666666667
0,380,46.6666666667
0,381,46.6666666667
0,382,26.6666666667
0,383,46.6666666667
0,384,53.3333333333
0,385,46.6666666667
0,386,60.0
0,387,66.6666666667
0,388,60.0
0,389,53.3333333333
0,390,46.6666666667
0,391,53.3333333333
0,392,26.6666666667
0,393,73.3333333333
0,394,53.3333333333
0,395,53.3333333333
0,396,26.6666666667
0,397,53.3333333333
0,398,73.3333333333
0,399,46.6666666667
0,400,66.6666666667
0,401,60.0
0,402,66.6666666667
0,403,46.6666666667
0,404,53.3333333333
0,405,60.0
0,406,53.3333333333
0,407,53.3333333333
0,408,60.0
0,409,53.3333333333
0,410,60.0
0,411,26.6666666667
0,412,46.6666666667
0,413,60.0
0,414,53.3333333333
0,415,53.3333333333
0,416,73.3333333333
0,417,53.3333333333
0,418,53.3333333333
0,419,46.6666666667
0,420,53.3333333333
0,421,46.6666666667
0,422,60.0
0,423,73.3333333333
0,424,60.0
0,425,46.6666666667
0,426,46.6666666667
0,427,73.3333333333
0,428,60.0
0,429,46.6666666667
0,430,46.6666666667
0,431,46.6666666667
0,432,46.6666666667
0,433,66.6666666667
0,434,66.6666666667
0,435,46.6666666667
0,436,46.6666666667
0,437,73.3333333333
0,438,93.3333333333
0,439,66.6666666667
0,440,53.3333333333
0,441,46.6666666667
0,442,53.3333333333
0,443,53.3333333333
0,444,53.3333333333
0,445,46.6666666667
0,446,46.6666666667
0,447,60.0
0,448,53.3333333333
0,449,73.3333333333
0,450,60.0
0,451,93.3333333333
0,452,73.3333333333
0,453,46.6666666667
0,454,53.3333333333
0,455,60.0
0,456,26.6666666667
0,457,53.3333333333
0,458,53.3333333333
0,459,60.0
0,460,53.3333333333
0,461,26.6666666667
0,462,73.3333333333
0,463,46.6666666667
0,464,73.3333333333
0,465,66.6666666667
0,466,53.3333333333
0,467,93.3333333333
0,468,26.6666666667
0,469,46.6666666667
0,470,26.6666666667
0,471,53.3333333333
0,472,26.6666666667
0,473,46.6666666667
0,474,93.3333333333
0,475,53.3333333333
0,476,73.3333333333
0,477,46.6666666667
0,478,46.6666666667
0,479,53.3333333333
0,480,46.6666666667
0,481,60.0
0,482,73.3333333333
0,483,26.6666666667
0,484,60.0
0,485,46.6666666667
0,486,53.3333333333
0,487,26.6666666667
0,488,46.6666666667
0,489,66.6666666667
0,490,60.0
0,491,46.6666666667
0,492,26.6666666667
0,493,73.3333333333
0,494,53.3333333333
0,495,53.3333333333
0,496,53.3333333333
0,497,46.6666666667
0,498,46.6666666667
0,499,53.3333333333
0,500,60.0
0,501,73.3333333333
0,502,26.6666666667
0,503,53.3333333333
0,504,53.3333333333
0,505,46.6666666667
0,506,46.6666666667
0,507,53.3333333333
0,508,53.3333333333
0,509,73.3333333333
0,510,26.6666666667
0,511,53.3333333333
0,512,60.0
0,513,53.3333333333
0,514,26.6666666667
0,515,46.6666666667
0,516,26.6666666667
0,517,66.6666666667
0,518,53.3333333333
0,519,86.6666666667
0,520,46.6666666667
0,521,53.3333333333
0,522,53.3333333333
0,523,53.3333333333
0,524,53.3333333333
0,525,53.3333333333
0,526,53.3333333333
0,527,53.3333333333
0,528,60.0
0,529,26.6666666667
0,530,60.0
0,531,80.0
0,532,46.6666666667
0,533,46.6666666667
0,534,26.6666666667
0,535,53.3333333333
0,536,73.3333333333
0,537,46.6666666667
0,538,53.3333333333
0,539,66.6666666667
0,540,53.3333333333
0,541,53.3333333333
0,542,46.6666666667
0,543,53.3333333333
0,544,53.3333333333
0,545,53.3333333333
0,546,46.6666666667
0,547,53.3333333333
0,548,53.3333333333
0,549,46.6666666667
0,550,60.0
0,551,60.0
0,552,80.0
0,553,60.0
0,554,53.3333333333
0,555,60.0
0,556,60.0
0,557,73.3333333333
0,558,26.6666666667
0,559,60.0
0,560,66.6666666667
0,561,86.6666666667
0,562,60.0
0,563,53.3333333333
0,564,46.6666666667
0,565,60.0
0,566,60.0
0,567,73.3333333333
0,568,53.3333333333
0,569,53.3333333333
0,570,73.3333333333
0,571,46.6666666667
0,572,46.6666666667
0,573,73.3333333333
0,574,53.3333333333
0,575,73.3333333333
0,576,53.3333333333
0,577,66.6666666667
0,578,73.3333333333
0,579,46.6666666667
0,580,80.0
0,581,86.6666666667
0,582,66.6666666667
0,583,53.3333333333
0,584,60.0
0,585,46.6666666667
0,586,46.6666666667
0,587,26.6666666667
0,588,60.0
0,589,60.0
0,590,60.0
0,591,26.6666666667
0,592,46.6666666667
0,593,53.3333333333
0,594,46.6666666667
0,595,26.6666666667
0,596,46.6666666667
0,597,86.6666666667
0,598,60.0
0,599,46.6666666667
0,600,53.3333333333
0,601,26.6666666667
0,602,53.3333333333
0,603,46.6666666667
0,604,66.6666666667
0,605,60.0
0,606,53.3333333333
0,607,46.6666666667
0,608,26.6666666667
0,609,60.0
0,610,46.6666666667
0,611,53.3333333333
0,612,53.3333333333
0,613,46.6666666667
0,614,46.6666666667
0,615,46.6666666667
0,616,60.0
0,617,86.6666666667
0,618,60.0
0,619,53.3333333333
0,620,46.6666666667
0,621,60.0
0,622,26.6666666667
0,623,60.0
0,624,46.6666666667
0,625,53.3333333333
0,626,46.6666666667
0,627,46.6666666667
0,628,26.6666666667
0,629,86.6666666667
0,630,53.3333333333
0,631,46.6666666667
0,632,60.0
0,633,73.3333333333
0,634,73.3333333333
0,635,53.3333333333
0,636,46.6666666667
0,637,93.3333333333
0,638,46.6666666667
0,639,53.3333333333
0,640,53.3333333333
0,641,53.3333333333
0,642,60.0
0,643,53.3333333333
0,644,73.3333333333
0,645,53.3333333333
0,646,26.6666666667
0,647,66.6666666667
0,648,53.3333333333
0,649,46.6666666667
0,650,60.0
0,651,46.6666666667
0,652,46.6666666667
0,653,46.6666666667
0,654,60.0
0,655,46.6666666667
0,656,53.3333333333
0,657,53.3333333333
0,658,26.6666666667
0,659,53.3333333333
0,660,46.6666666667
0,661,46.6666666667
0,662,53.3333333333
0,663,60.0
0,664,53.3333333333
0,665,53.3333333333
0,666,73.3333333333
0,667,46.6666666667
0,668,53.3333333333
0,669,80.0
0,670,73.3333333333
0,671,60.0
0,672,46.6666666667
0,673,26.6666666667
0,674,53.3333333333
0,675,46.6666666667
0,676,60.0
0,677,53.3333333333
0,678,60.0
0,679,46.6666666667
0,680,46.6666666667
0,681,86.6666666667
0,682,53.3333333333
0,683,66.6666666667
0,684,46.6666666667
0,685,66.6666666667
0,686,66.6666666667
0,687,53.3333333333
0,688,60.0
0,689,46.6666666667
0,690,53.3333333333
0,691,60.0
0,692,26.6666666667
0,693,53.3333333333
0,694,53.3333333333
0,695,60.0
0,696,60.0
0,697,73.3333333333
0,698,46.6666666667
0,699,53.3333333333
0,700,53.3333333333
0,701,46.6666666667
0,702,46.6666666667
0,703,53.3333333333
0,704,46.6666666667
0,705,46.6666666667
0,706,53.3333333333
0,707,46.6666666667
0,708,60.0
0,709,46.6666666667
0,710,73.3333333333
0,711,66.6666666667
0,712,60.0
0,713,53.3333333333
0,714,46.6666666667
0,715,53.3333333333
0,716,46.6666666667
0,717,73.3333333333
0,718,46.6666666667
0,719,60.0
0,720,53.3333333333
0,721,53.3333333333
0,722,46.6666666667
0,723,53.3333333333
0,724,26.6666666667
0,725,53.3333333333
0,726,53.3333333333
0,727,46.6666666667
0,728,73.3333333333
0,729,60.0
0,730,73.3333333333
0,731,53.3333333333
0,732,46.6666666667
0,733,93.3333333333
0,734,26.6666666667
0,735,53.3333333333
0,736,46.6666666667
0,737,46.6666666667
0,738,53.3333333333
0,739,60.0
0,740,53.3333333333
0,741,60.0
0,742,53.3333333333
0,743,73.3333333333
0,744,73.3333333333
0,745,46.6666666667
0,746,46.6666666667
0,747,46.6666666667
0,748,80.0
0,749,86.6666666667
0,750,46.6666666667
0,751,60.0
0,752,60.0
0,753,53.3333333333
0,754,53.3333333333
0,755,73.3333333333
0,756,60.0
0,757,53.3333333333
0,758,53.3333333333
0,759,53.3333333333
0,760,53.3333333333
0,761,60.0
0,762,53.3333333333
0,763,73.3333333333
0,764,46.6666666667
0,765,53.3333333333
0,766,46.6666666667
0,767,53.3333333333
0,768,60.0
0,769,60.0
0,770,60.0
0,771,46.6666666667
0,772,46.6666666667
0,773,46.6666666667
0,774,46.6666666667
0,775,46.6666666667
0,776,86.6666666667
0,777,66.6666666667
0,778,60.0
0,779,86.6666666667
0,780,60.0
0,781,53.3333333333
0,782,60.0
0,783,46.6666666667
0,784,46.6666666667
0,785,53.3333333333
0,786,46.6666666667
0,787,86.6666666667
0,788,53.3333333333
0,789,53.3333333333
0,790,66.6666666667
0,791,53.3333333333
0,792,80.0
0,793,53.3333333333
0,794,46.6666666667
0,795,53.3333333333
0,796,66.6666666667
0,797,93.3333333333
0,798,46.6666666667
0,799,46.6666666667
0,800,46.6666666667
0,801,73.3333333333
0,802,46.6666666667
0,803,53.3333333333
0,804,53.3333333333
0,805,73.3333333333
0,806,53.3333333333
0,807,46.6666666667
0,808,53.3333333333
0,809,73.3333333333
0,810,60.0
0,811,86.6666666667
0,812,46.6666666667
0,813,60.0
0,814,46.6666666667
0,815,73.3333333333
0,816,46.6666666667
0,817,46.6666666667
0,818,73.3333333333
0,819,53.3333333333
0,820,26.6666666667
0,821,53.3333333333
0,822,53.3333333333
0,823,53.3333333333
0,824,60.0
0,825,53.3333333333
0,826,46.6666666667
0,827,53.3333333333
0,828,60.0
0,829,73.3333333333
0,830,73.3333333333
0,831,46.6666666667
0,832,73.3333333333
0,833,46.6666666667
0,834,53.3333333333
0,835,46.6666666667
0,836,46.6666666667
0,837,46.6666666667
0,838,53.3333333333
0,839,60.0
0,840,53.3333333333
0,841,46.6666666667
0,842,46.6666666667
0,843,86.6666666667
0,844,60.0
0,845,73.3333333333
0,846,26.6666666667
0,847,46.6666666667
0,848,53.3333333333
0,849,53.3333333333
0,850,53.3333333333
0,851,53.3333333333
0,852,80.0
0,853,26.6666666667
0,854,53.3333333333
0,855,46.6666666667
0,856,60.0
0,857,66.6666666667
0,858,46.6666666667
0,859,46.6666666667
0,860,53.3333333333
0,861,53.3333333333
0,862,60.0
0,863,73.3333333333
0,864,93.3333333333
0,865,53.3333333333
0,866,53.3333333333
0,867,53.3333333333
0,868,46.6666666667
0,869,73.3333333333
0,870,60.0
0,871,66.6666666667
0,872,73.3333333333
0,873,53.3333333333
0,874,53.3333333333
0,875,60.0
0,876,86.6666666667
0,877,80.0
0,878,46.6666666667
0,879,53.3333333333
0,880,60.0
0,881,53.3333333333
0,882,46.6666666667
0,883,60.0
0,884,53.3333333333
0,885,46.6666666667
0,886,66.6666666667
0,887,60.0
0,888,53.3333333333
0,889,53.3333333333
0,890,60.0
0,891,60.0
0,892,46.6666666667
0,893,46.6666666667
0,894,53.3333333333
0,895,26.6666666667
0,896,53.3333333333
0,897,46.6666666667
0,898,26.6666666667
0,899,73.3333333333
0,900,73.3333333333
0,901,93.3333333333
0,902,46.6666666667
0,903,46.6666666667
0,904,26.6666666667
0,905,80.0
0,906,53.3333333333
0,907,46.6666666667
0,908,53.3333333333
0,909,53.3333333333
0,910,60.0
0,911,53.3333333333
0,912,66.6666666667
0,913,46.6666666667
0,914,86.6666666667
0,915,73.3333333333
0,916,60.0
0,917,53.3333333333
0,918,46.6666666667
0,919,46.6666666667
0,920,60.0
0,921,60.0
0,922,26.6666666667
0,923,46.6666666667
0,924,46.6666666667
0,925,53.3333333333
0,926,46.6666666667
0,927,46.6666666667
0,928,46.6666666667
0,929,60.0
0,930,53.3333333333
0,931,26.6666666667
0,932,60.0
0,933,26.6666666667
0,934,53.3333333333
0,935,80.0
0,936,93.3333333333
0,937,53.3333333333
0,938,46.6666666667
0,939,46.6666666667
0,940,53.3333333333
0,941,53.3333333333
0,942,80.0
0,943,73.3333333333
0,944,46.6666666667
0,945,66.6666666667
0,946,53.3333333333
0,947,46.6666666667
0,948,46.6666666667
0,949,53.3333333333
0,950,53.3333333333
0,951,66.6666666667
0,952,53.3333333333
0,953,86.6666666667
0,954,53.3333333333
0,955,46.6666666667
0,956,26.6666666667
0,957,46.6666666667
0,958,73.3333333333
0,959,46.6666666667
0,960,53.3333333333
0,961,46.6666666667
0,962,60.0
0,963,73.3333333333
0,964,46.6666666667
0,965,73.3333333333
0,966,53.3333333333
0,967,60.0
0,968,53.3333333333
0,969,26.6666666667
0,970,46.6666666667
0,971,80.0
0,972,53.3333333333
0,973,53.3333333333
0,974,73.3333333333
0,975,46.6666666667
0,976,46.6666666667
0,977,46.6666666667
0,978,53.3333333333
0,979,46.6666666667
0,980,46.6666666667
0,981,46.6666666667
0,982,73.3333333333
0,983,26.6666666667
0,984,53.3333333333
0,985,73.3333333333
0,986,60.0
0,987,46.6666666667
0,988,46.6666666667
0,989,73.3333333333
0,990,60.0
0,991,73.3333333333
0,992,26.6666666667
0,993,46.6666666667
0,994,46.6666666667
0,995,53.3333333333
0,996,53.3333333333
0,997,53.3333333333
0,998,60.0
0,999,53.3333333333
0,1000,60.0
1,1,26.6666666667
1,2,66.6666666667
1,3,26.6666666667
1,4,53.3333333333
1,5,46.6666666667
1,6,53.3333333333
1,7,66.6666666667
1,8,60.0
1,9,26.6666666667
1,10,53.3333333333
1,11,46.6666666667
1,12,53.3333333333
1,13,46.6666666667
1,14,53.3333333333
1,15,73.3333333333
1,16,26.6666666667
1,17,26.6666666667
1,18,60.0
1,19,46.6666666667
1,20,60.0
1,21,53.3333333333
1,22,66.6666666667
1,23,60.0
1,24,60.0
1,25,73.3333333333
1,26,53.3333333333
1,27,53.3333333333
1,28,60.0
1,29,73.3333333333
1,30,60.0
1,31,26.6666666667
1,32,60.0
1,33,46.6666666667
1,34,46.6666666667
1,35,26.6666666667
1,36,46.6666666667
1,37,53.3333333333
1,38,66.6666666667
1,39,46.6666666667
1,40,46.6666666667
1,41,60.0
1,42,26.6666666667
1,43,46.6666666667
1,44,60.0
1,45,46.6666666667
1,46,53.3333333333
1,47,46.6666666667
1,48,86.6666666667
1,49,46.6666666667
1,50,60.0
1,51,53.3333333333
1,52,53.3333333333
1,53,66.6666666667
1,54,46.6666666667
1,55,73.3333333333
1,56,46.6666666667
1,57,46.6666666667
1,58,60.0
1,59,53.3333333333
1,60,53.3333333333
1,61,46.6666666667
1,62,46.6666666667
1,63,46.6666666667
1,64,60.0
1,65,46.6666666667
1,66,60.0
1,67,66.6666666667
1,68,46.6666666667
1,69,60.0
1,70,53.3333333333
1,71,53.3333333333
1,72,86.6666666667
1,73,26.6666666667
1,74,53.3333333333
1,75,60.0
1,76,73.3333333333
1,77,93.3333333333
1,78,80.0
1,79,46.6666666667
1,80,46.6666666667
1,81,53.3333333333
1,82,60.0
1,83,53.3333333333
1,84,60.0
1,85,53.3333333333
1,86,53.3333333333
1,87,66.6666666667
1,88,26.6666666667
1,89,46.6666666667
1,90,53.3333333333
1,91,46.6666666667
1,92,53.3333333333
1,93,46.6666666667
1,94,53.3333333333
1,95,26.6666666667
1,96,46.6666666667
1,97,60.0
1,98,86.6666666667
1,99,53.3333333333
1,100,66.6666666667
1,101,60.0
1,102,60.0
1,103,53.3333333333
1,104,53.3333333333
1,105,73.3333333333
1,106,60.0
1,107,46.6666666667
1,108,73.3333333333
1,109,73.3333333333
1,110,93.3333333333
1,111,60.0
1,112,46.6666666667
1,113,53.3333333333
1,114,53.3333333333
1,115,26.6666666667
1,116,26.6666666667
1,117,53.3333333333
1,118,46.6666666667
1,119,53.3333333333
1,120,53.3333333333
1,121,80.0
1,122,73.3333333333
1,123,46.6666666667
1,124,46.6666666667
1,125,53.3333333333
1,126,53.3333333333
1,127,46.6666666667
1,128,46.6666666667
1,129,66.6666666667
1,130,73.3333333333
1,131,46.6666666667
1,132,46.6666666667
1,133,26.6666666667
1,134,46.6666666667
1,135,46.6666666667
1,136,46.6666666667
1,137,53.3333333333
1,138,53.3333333333
1,139,53.3333333333
1,140,46.6666666667
1,141,86.6666666667
1,142,53.3333333333
1,143,53.3333333333
1,144,73.3333333333
1,145,53.3333333333
1,146,46.6666666667
1,147,60.0
1,148,60.0
1,149,26.6666666667
1,150,53.3333333333
1,151,53.3333333333
1,152,53.3333333333
1,153,53.3333333333
1,154,60.0
1,155,26.6666666667
1,156,73.3333333333
1,157,60.0
1,158,60.0
1,159,53.3333333333
1,160,60.0
1,161,26.6666666667
1,162,53.3333333333
1,163,66.6666666667
1,164,53.3333333333
1,165,60.0
1,166,53.3333333333
1,167,53.3333333333
1,168,46.6666666667
1,169,53.3333333333
1,170,53.3333333333
1,171,60.0
1,172,66.6666666667
1,173,53.3333333333
1,174,46.6666666667
1,175,73.3333333333
1,176,53.3333333333
1,177,26.6666666667
1,178,46.6666666667
1,179,46.6666666667
1,180,86.6666666667
1,181,46.6666666667
1,182,53.3333333333
1,183,53.3333333333
1,184,60.0
1,185,60.0
1,186,60.0
1,187,73.3333333333
1,188,60.0
1,189,73.3333333333
1,190,60.0
1,191,60.0
1,192,60.0
1,193,26.6666666667
1,194,53.3333333333
1,195,46.6666666667
1,196,26.6666666667
1,197,53.3333333333
1,198,60.0
1,199,73.3333333333
1,200,53.3333333333
1,201,46.6666666667
1,202,46.6666666667
1,203,46.6666666667
1,204,46.6666666667
1,205,53.3333333333
1,206,53.3333333333
1,207,26.6666666667
1,208,80.0
1,209,53.3333333333
1,210,46.6666666667
1,211,46.6666666667
1,212,73.3333333333
1,213,93.3333333333
1,214,73.3333333333
1,215,53.3333333333
1,216,53.3333333333
1,217,60.0
1,218,46.6666666667
1,219,46.6666666667
1,220,46.6666666667
1,221,26.6666666667
1,222,53.3333333333
1,223,26.6666666667
1,224,46.6666666667
1,225,46.6666666667
1,226,26.6666666667
1,227,46.6666666667
1,228,53.3333333333
1,229,60.0
1,230,53.3333333333
1,231,60.0
1,232,26.6666666667
1,233,46.6666666667
1,234,73.3333333333
1,235,60.0
1,236,53.3333333333
1,237,46.6666666667
1,238,53.3333333333
1,239,46.6666666667
1,240,53.3333333333
1,241,100.0
1,242,46.6666666667
1,243,46.6666666667
1,244,73.3333333333
1,245,60.0
1,246,53.3333333333
1,247,53.3333333333
1,248,86.6666666667
1,249,53.3333333333
1,250,53.3333333333
1,251,73.3333333333
1,252,46.6666666667
1,253,53.3333333333
1,254,73.3333333333
1,255,53.3333333333
1,256,60.0
1,257,53.3333333333
1,258,26.6666666667
1,259,46.6666666667
1,260,73.3333333333
1,261,53.3333333333
1,262,53.3333333333
1,263,46.6666666667
1,264,53.3333333333
1,265,73.3333333333
1,266,53.3333333333
1,267,60.0
1,268,46.6666666667
1,269,26.6666666667
1,270,60.0
1,271,46.6666666667
1,272,46.6666666667
1,273,60.0
1,274,66.6666666667
1,275,60.0
1,276,86.6666666667
1,277,60.0
1,278,60.0
1,279,93.3333333333
1,280,46.6666666667
1,281,46.6666666667
1,282,73.3333333333
1,283,26.6666666667
1,284,46.6666666667
1,285,80.0
1,286,60.0
1,287,53.3333333333
1,288,53.3333333333
1,289,80.0
1,290,60.0
1,291,53.3333333333
1,292,66.6666666667
1,293,66.6666666667
1,294,46.6666666667
1,295,53.3333333333
1,296,53.3333333333
1,297,46.6666666667
1,298,66.6666666667
1,299,53.3333333333
1,300,66.6666666667
1,301,26.6666666667
1,302,53.3333333333
1,303,46.6666666667
1,304,53.3333333333
1,305,60.0
1,306,73.3333333333
1,307,46.6666666667
1,308,73.3333333333
1,309,53.3333333333
1,310,60.0
1,311,26.6666666667
1,312,80.0
1,313,46.6666666667
1,314,26.6666666667
1,315,46.6666666667
1,316,53.3333333333
1,317,53.3333333333
1,318,53.3333333333
1,319,53.3333333333
1,320,60.0
1,321,73.3333333333
1,322,26.6666666667
1,323,46.6666666667
1,324,53.3333333333
1,325,53.3333333333
1,326,93.3333333333
1,327,46.6666666667
1,328,46.6666666667
1,329,46.6666666667
1,330,46.6666666667
1,331,53.3333333333
1,332,73.3333333333
1,333,73.3333333333
1,334,46.6666666667
1,335,46.6666666667
1,336,53.3333333333
1,337,60.0
1,338,26.6666666667
1,339,86.6666666667
1,340,26.6666666667
1,341,46.6666666667
1,342,46.6666666667
1,343,46.6666666667
1,344,46.6666666667
1,345,60.0
1,346,46.6666666667
1,347,60.0
1,348,60.0
1,349,60.0
1,350,26.6666666667
1,351,46.6666666667
1,352,53.3333333333
1,353,46.6666666667
1,354,53.3333333333
1,355,46.6666666667
1,356,66.6666666667
1,357,46.6666666667
1,358,46.6666666667
1,359,60.0
1,360,46.6666666667
1,361,46.6666666667
1,362,46.6666666667
1,363,46.6666666667
1,364,53.3333333333
1,365,73.3333333333
1,366,26.6666666667
1,367,73.3333333333
1,368,73.3333333333
1,369,26.6666666667
1,370,26.6666666667
1,371,26.6666666667
1,372,26.6666666667
1,373,60.0
1,374,86.6666666667
1,375,53.3333333333
1,376,66.6666666667
1,377,73.3333333333
1,378,73.3333333333
1,379,53.3333333333
1,380,53.3333333333
1,381,60.0
1,382,46.6666666667
1,383,46.6666666667
1,384,46.6666666667
1,385,46.6666666667
1,386,73.3333333333
1,387,53.3333333333
1,388,66.6666666667
1,389,46.6666666667
1,390,66.6666666667
1,391,46.6666666667
1,392,46.6666666667
1,393,100.0
1,394,60.0
1,395,53.3333333333
1,396,60.0
1,397,46.6666666667
1,398,73.3333333333
1,399,53.3333333333
1,400,26.6666666667
1,401,80.0
1,402,86.6666666667
1,403,60.0
1,404,46.6666666667
1,405,93.3333333333
1,406,46.6666666667
1,407,60.0
1,408,66.6666666667
1,409,53.3333333333
1,410,60.0
1,411,80.0
1,412,46.6666666667
1,413,60.0
1,414,73.3333333333
1,415,60.0
1,416,53.3333333333
1,417,46.6666666667
1,418,46.6666666667
1,419,53.3333333333
1,420,86.6666666667
1,421,86.6666666667
1,422,26.6666666667
1,423,53.3333333333
1,424,93.3333333333
1,425,73.3333333333
1,426,46.6666666667
1,427,60.0
1,428,53.3333333333
1,429,60.0
1,430,80.0
1,431,53.3333333333
1,432,46.6666666667
1,433,46.6666666667
1,434,80.0
1,435,73.3333333333
1,436,80.0
1,437,46.6666666667
1,438,60.0
1,439,53.3333333333
1,440,46.6666666667
1,441,73.3333333333
1,442,26.6666666667
1,443,53.3333333333
1,444,60.0
1,445,46.6666666667
1,446,73.3333333333
1,447,26.6666666667
1,448,73.3333333333
1,449,46.6666666667
1,450,53.3333333333
1,451,60.0
1,452,26.6666666667
1,453,46.6666666667
1,454,46.6666666667
1,455,26.6666666667
1,456,46.6666666667
1,457,53.3333333333
1,458,60.0
1,459,53.3333333333
1,460,53.3333333333
1,461,46.6666666667
1,462,53.3333333333
1,463,60.0
1,464,73.3333333333
1,465,53.3333333333
1,466,60.0
1,467,26.6666666667
1,468,53.3333333333
1,469,53.3333333333
1,470,53.3333333333
1,471,26.6666666667
1,472,53.3333333333
1,473,80.0
1,474,53.3333333333
1,475,53.3333333333
1,476,60.0
1,477,46.6666666667
1,478,53.3333333333
1,479,46.6666666667
1,480,66.6666666667
1,481,60.0
1,482,46.6666666667
1,483,53.3333333333
1,484,60.0
1,485,60.0
1,486,46.6666666667
1,487,66.6666666667
1,488,46.6666666667
1,489,46.6666666667
1,490,46.6666666667
1,491,60.0
1,492,53.3333333333
1,493,86.6666666667
1,494,53.3333333333
1,495,60.0
1,496,46.6666666667
1,497,53.3333333333
1,498,60.0
1,499,46.6666666667
1,500,53.3333333333
1,501,53.3333333333
1,502,46.6666666667
1,503,46.6666666667
1,504,53.3333333333
1,505,53.3333333333
1,506,60.0
1,507,60.0
1,508,60.0
1,509,80.0
1,510,60.0
1,511,60.0
1,512,60.0
1,513,53.3333333333
1,514,73.3333333333
1,515,46.6666666667
1,516,66.6666666667
1,517,60.0
1,518,53.3333333333
1,519,46.6666666667
1,520,46.6666666667
1,521,26.6666666667
1,522,93.3333333333
1,523,46.6666666667
1,524,86.6666666667
1,525,53.3333333333
1,526,46.6666666667
1,527,46.6666666667
1,528,53.3333333333
1,529,46.6666666667
1,530,46.6666666667
1,531,60.0
1,532,53.3333333333
1,533,53.3333333333
1,534,46.6666666667
1,535,86.6666666667
1,536,26.6666666667
1,537,60.0
1,538,46.6666666667
1,539,46.6666666667
1,540,93.3333333333
1,541,86.6666666667
1,542,60.0
1,543,53.3333333333
1,544,60.0
1,545,53.3333333333
1,546,46.6666666667
1,547,73.3333333333
1,548,46.6666666667
1,549,60.0
1,550,60.0
1,551,53.3333333333
1,552,60.0
1,553,46.6666666667
1,554,66.6666666667
1,555,60.0
1,556,46.6666666667
1,557,46.6666666667
1,558,73.3333333333
1,559,46.6666666667
1,560,46.6666666667
1,561,46.6666666667
1,562,73.3333333333
1,563,46.6666666667
1,564,60.0
1,565,80.0
1,566,26.6666666667
1,567,53.3333333333
1,568,26.6666666667
1,569,53.3333333333
1,570,53.3333333333
1,571,53.3333333333
1,572,60.0
1,573,66.6666666667
1,574,46.6666666667
1,575,46.6666666667
1,576,60.0
1,577,46.6666666667
1,578,46.6666666667
1,579,46.6666666667
1,580,53.3333333333
1,581,53.3333333333
1,582,26.6666666667
1,583,66.6666666667
1,584,46.6666666667
1,585,53.3333333333
1,586,53.3333333333
1,587,73.3333333333
1,588,73.3333333333
1,589,73.3333333333
1,590,53.3333333333
1,591,66.6666666667
1,592,60.0
1,593,60.0
1,594,53.3333333333
1,595,46.6666666667
1,596,73.3333333333
1,597,60.0
1,598,73.3333333333
1,599,46.6666666667
1,600,80.0
1,601,60.0
1,602,53.3333333333
1,603,60.0
1,604,26.6666666667
1,605,53.3333333333
1,606,26.6666666667
1,607,46.6666666667
1,608,53.3333333333
1,609,80.0
1,610,60.0
1,611,60.0
1,612,60.0
1,613,26.6666666667
1,614,46.6666666667
1,615,60.0
1,616,60.0
1,617,53.3333333333
1,618,53.3333333333
1,619,46.6666666667
1,620,66.6666666667
1,621,46.6666666667
1,622,26.6666666667
1,623,93.3333333333
1,624,66.6666666667
1,625,53.3333333333
1,626,60.0
1,627,46.6666666667
1,628,46.6666666667
1,629,53.3333333333
1,630,73.3333333333
1,631,66.6666666667
1,632,26.6666666667
1,633,60.0
1,634,66.6666666667
1,635,46.6666666667
1,636,46.6666666667
1,637,73.3333333333
1,638,53.3333333333
1,639,60.0
1,640,46.6666666667
1,641,73.3333333333
1,642,86.6666666667
1,643,66.6666666667
1,644,86.6666666667
1,645,26.6666666667
1,646,46.6666666667
1,647,46.6666666667
1,648,60.0
1,649,73.3333333333
1,650,46.6666666667
1,651,46.6666666667
1,652,53.3333333333
1,653,73.3333333333
1,654,26.6666666667
1,655,53.3333333333
1,656,46.6666666667
1,657,46.6666666667
1,658,53.3333333333
1,659,60.0
1,660,60.0
1,661,66.6666666667
1,662,46.6666666667
1,663,53.3333333333
1,664,73.3333333333
1,665,46.6666666667
1,666,60.0
1,667,53.3333333333
1,668,66.6666666667
1,669,26.6666666667
1,670,46.6666666667
1,671,60.0
1,672,46.6666666667
1,673,53.3333333333
1,674,73.3333333333
1,675,53.3333333333
1,676,53.3333333333
1,677,46.6666666667
1,678,73.3333333333
1,679,46.6666666667
1,680,26.6666666667
1,681,46.6666666667
1,682,73.3333333333
1,683,60.0
1,684,60.0
1,685,53.3333333333
1,686,80.0
1,687,46.6666666667
1,688,53.3333333333
1,689,53.3333333333
1,690,26.6666666667
1,691,60.0
1,692,46.6666666667
1,693,53.3333333333
1,694,53.3333333333
1,695,53.3333333333
1,696,46.6666666667
1,697,60.0
1,698,26.6666666667
1,699,73.3333333333
1,700,53.3333333333
1,701,80.0
1,702,60.0
1,703,53.3333333333
1,704,86.6666666667
1,705,53.3333333333
1,706,46.6666666667
1,707,53.3333333333
1,708,46.6666666667
1,709,53.3333333333
1,710,46.6666666667
1,711,46.6666666667
1,712,80.0
1,713,26.6666666667
1,714,53.3333333333
1,715,66.6666666667
1,716,60.0
1,717,46.6666666667
1,718,53.3333333333
1,719,53.3333333333
1,720,86.6666666667
1,721,60.0
1,722,60.0
1,723,46.6666666667
1,724,60.0
1,725,73.3333333333
1,726,46.6666666667
1,727,46.6666666667
1,728,46.6666666667
1,729,53.3333333333
1,730,53.3333333333
1,731,86.6666666667
1,732,26.6666666667
1,733,60.0
1,734,66.6666666667
1,735,53.3333333333
1,736,73.3333333333
1,737,26.6666666667
1,738,66.6666666667
1,739,73.3333333333
1,740,73.3333333333
1,741,53.3333333333
1,742,46.6666666667
1,743,53.3333333333
1,744,60.0
1,745,53.3333333333
1,746,46.6666666667
1,747,53.3333333333
1,748,46.6666666667
1,749,53.3333333333
1,750,60.0
1,751,53.3333333333
1,752,53.3333333333
1,753,26.6666666667
1,754,46.6666666667
1,755,60.0
1,756,60.0
1,757,46.6666666667
1,758,53.3333333333
1,759,46.6666666667
1,760,60.0
1,761,46.6666666667
1,762,66.6666666667
1,763,26.6666666667
1,764,26.6666666667
1,765,53.3333333333
1,766,80.0
1,767,53.3333333333
1,768,60.0
1,769,46.6666666667
1,770,46.6666666667
1,771,53.3333333333
1,772,53.3333333333
1,773,60.0
1,774,53.3333333333
1,775,53.3333333333
1,776,60.0
1,777,53.3333333333
1,778,73.3333333333
1,779,46.6666666667
1,780,60.0
1,781,60.0
1,782,53.3333333333
1,783,73.3333333333
1,784,46.6666666667
1,785,53.3333333333
1,786,46.6666666667
1,787,46.6666666667
1,788,86.6666666667
1,789,53.3333333333
1,790,66.6666666667
1,791,46.6666666667
1,792,73.3333333333
1,793,53.3333333333
1,794,60.0
1,795,53.3333333333
1,796,53.3333333333
1,797,60.0
1,798,46.6666666667
1,799,53.3333333333
1,800,46.6666666667
1,801,53.3333333333
1,802,46.6666666667
1,803,86.6666666667
1,804,86.6666666667
1,805,46.6666666667
1,806,53.3333333333
1,807,46.6666666667
1,808,60.0
1,809,53.3333333333
1,810,60.0
1,811,60.0
1,812,60.0
1,813,26.6666666667
1,814,46.6666666667
1,815,73.3333333333
1,816,53.3333333333
1,817,46.6666666667
1,818,53.3333333333
1,819,46.6666666667
1,820,60.0
1,821,46.6666666667
1,822,53.3333333333
1,823,26.6666666667
1,824,46.6666666667
1,825,53.3333333333
1,826,80.0
1,827,46.6666666667
1,828,86.6666666667
1,829,46.6666666667
1,830,53.3333333333
1,831,60.0
1,832,46.6666666667
1,833,53.3333333333
1,834,73.3333333333
1,835,73.3333333333
1,836,53.3333333333
1,837,66.6666666667
1,838,46.6666666667
1,839,53.3333333333
1,840,53.3333333333
1,841,86.6666666667
1,842,66.6666666667
1,843,93.3333333333
1,844,60.0
1,845,53.3333333333
1,846,73.3333333333
1,847,73.3333333333
1,848,60.0
1,849,53.3333333333
1,850,60.0
1,851,53.3333333333
1,852,46.6666666667
1,853,60.0
1,854,53.3333333333
1,855,46.6666666667
1,856,46.6666666667
1,857,60.0
1,858,53.3333333333
1,859,53.3333333333
1,860,53.3333333333
1,861,93.3333333333
1,862,46.6666666667
1,863,53.3333333333
1,864,60.0
1,865,53.3333333333
1,866,26.6666666667
1,867,60.0
1,868,53.3333333333
1,869,73.3333333333
1,870,73.3333333333
1,871,46.6666666667
1,872,93.3333333333
1,873,60.0
1,874,46.6666666667
1,875,53.3333333333
1,876,73.3333333333
1,877,53.3333333333
1,878,80.0
1,879,46.6666666667
1,880,46.6666666667
1,881,46.6666666667
1,882,46.6666666667
1,883,46.6666666667
1,884,80.0
1,885,60.0
1,886,60.0
1,887,46.6666666667
1,888,53.3333333333
1,889,53.3333333333
1,890,53.3333333333
1,891,73.3333333333
1,892,46.6666666667
1,893,73.3333333333
1,894,53.3333333333
1,895,86.6666666667
1,896,46.6666666667
1,897,73.3333333333
1,898,66.6666666667
1,899,73.3333333333
1,900,66.6666666667
1,901,53.3333333333
1,902,53.3333333333
1,903,73.3333333333
1,904,60.0
1,905,46.6666666667
1,906,53.3333333333
1,907,60.0
1,908,73.3333333333
1,909,46.6666666667
1,910,73.3333333333
1,911,60.0
1,912,46.6666666667
1,913,53.3333333333
1,914,46.6666666667
1,915,66.6666666667
1,916,86.6666666667
1,917,53.3333333333
1,918,53.3333333333
1,919,60.0
1,920,46.6666666667
1,921,46.6666666667
1,922,86.6666666667
1,923,80.0
1,924,53.3333333333
1,925,60.0
1,926,60.0
1,927,53.3333333333
1,928,46.6666666667
1,929,46.6666666667
1,930,46.6666666667
1,931,73.3333333333
1,932,46.6666666667
1,933,26.6666666667
1,934,60.0
1,935,53.3333333333
1,936,26.6666666667
1,937,60.0
1,938,60.0
1,939,53.3333333333
1,940,53.3333333333
1,941,73.3333333333
1,942,46.6666666667
1,943,46.6666666667
1,944,60.0
1,945,46.6666666667
1,946,26.6666666667
1,947,86.6666666667
1,948,60.0
1,949,53.3333333333
1,950,53.3333333333
1,951,53.3333333333
1,952,26.6666666667
1,953,46.6666666667
1,954,93.3333333333
1,955,66.6666666667
1,956,53.3333333333
1,957,80.0
1,958,53.3333333333
1,959,46.6666666667
1,960,53.3333333333
1,961,80.0
1,962,53.3333333333
1,963,53.3333333333
1,964,66.6666666667
1,965,60.0
1,966,26.6666666667
1,967,53.3333333333
1,968,53.3333333333
1,969,73.3333333333
1,970,73.3333333333
1,971,46.6666666667
1,972,53.3333333333
1,973,46.6666666667
1,974,46.6666666667
1,975,46.6666666667
1,976,53.3333333333
1,977,46.6666666667
1,978,60.0
1,979,46.6666666667
1,980,53.3333333333
1,981,26.6666666667
1,982,53.3333333333
1,983,46.6666666667
1,984,60.0
1,985,60.0
1,986,73.3333333333
1,987,46.6666666667
1,988,53.3333333333
1,989,53.3333333333
1,990,73.3333333333
1,991,46.6666666667
1,992,60.0
1,993,46.6666666667
1,994,53.3333333333
1,995,60.0
1,996,53.3333333333
1,997,46.6666666667
1,998,60.0
1,999,53.3333333333
1,1000,26.6666666667
2,1,86.6666666667
2,2,60.0
2,3,60.0
2,4,60.0
2,5,46.6666666667
2,6,53.3333333333
2,7,53.3333333333
2,8,86.6666666667
2,9,46.6666666667
2,10,60.0
2,11,86.6666666667
2,12,46.6666666667
2,13,60.0
2,14,53.3333333333
2,15,26.6666666667
2,16,66.6666666667
2,17,46.6666666667
2,18,73.3333333333
2,19,60.0
2,20,60.0
2,21,66.6666666667
2,22,53.3333333333
2,23,46.6666666667
2,24,26.6666666667
2,25,53.3333333333
2,26,46.6666666667
2,27,53.3333333333
2,28,46.6666666667
2,29,60.0
2,30,46.6666666667
2,31,53.3333333333
2,32,46.6666666667
2,33,46.6666666667
2,34,53.3333333333
2,35,53.3333333333
2,36,73.3333333333
2,37,60.0
2,38,46.6666666667
2,39,80.0
2,40,46.6666666667
2,41,46.6666666667
2,42,60.0
2,43,46.6666666667
2,44,46.6666666667
2,45,46.6666666667
2,46,53.3333333333
2,47,53.3333333333
2,48,53.3333333333
2,49,53.3333333333
2,50,46.6666666667
2,51,53.3333333333
2,52,26.6666666667
2,53,60.0
2,54,60.0
2,55,53.3333333333
2,56,73.3333333333
2,57,73.3333333333
2,58,66.6666666667
2,59,73.3333333333
2,60,73.3333333333
2,61,26.6666666667
2,62,53.3333333333
2,63,93.3333333333
2,64,53.3333333333
2,65,60.0
2,66,26.6666666667
2,67,46.6666666667
2,68,46.6666666667
2,69,60.0
2,70,53.3333333333
2,71,53.3333333333
2,72,46.6666666667
2,73,53.3333333333
2,74,53.3333333333
2,75,53.3333333333
2,76,46.6666666667
2,77,46.6666666667
2,78,53.3333333333
2,79,73.3333333333
2,80,86.6666666667
2,81,60.0
2,82,46.6666666667
2,83,53.3333333333
2,84,53.3333333333
2,85,93.3333333333
2,86,53.3333333333
2,87,60.0
2,88,53.3333333333
2,89,46.6666666667
2,90,46.6666666667
2,91,66.6666666667
2,92,53.3333333333
2,93,53.3333333333
2,94,93.3333333333
2,95,60.0
2,96,26.6666666667
2,97,60.0
2,98,60.0
2,99,53.3333333333
2,100,53.3333333333
2,101,53.3333333333
2,102,53.3333333333
2,103,60.0
2,104,46.6666666667
2,105,86.6666666667
2,106,53.3333333333
2,107,66.6666666667
2,108,73.3333333333
2,109,46.6666666667
2,110,53.3333333333
2,111,46.6666666667
2,112,26.6666666667
2,113,46.6666666667
2,114,73.3333333333
2,115,46.6666666667
2,116,53.3333333333
2,117,46.6666666667
2,118,46.6666666667
2,119,60.0
2,120,53.3333333333
2,121,46.6666666667
2,122,60.0
2,123,73.3333333333
2,124,53.3333333333
2,125,80.0
2,126,60.0
2,127,73.3333333333
2,128,60.0
2,129,46.6666666667
2,130,26.6666666667
2,131,46.6666666667
2,132,53.3333333333
2,133,60.0
2,134,53.3333333333
2,135,60.0
2,136,53.3333333333
2,137,53.3333333333
2,138,73.3333333333
2,139,53.3333333333
2,140,46.6666666667
2,141,73.3333333333
2,142,53.3333333333
2,143,53.3333333333
2,144,60.0
2,145,60.0
2,146,53.3333333333
2,147,53.3333333333
2,148,46.6666666667
2,149,46.6666666667
2,150,46.6666666667
2,151,73.3333333333
2,152,46.6666666667
2,153,60.0
2,154,53.3333333333
2,155,53.3333333333
2,156,53.3333333333
2,157,73.3333333333
2,158,80.0
2,159,26.6666666667
2,160,46.6666666667
2,161,60.0
2,162,26.6666666667
2,163,53.3333333333
2,164,73.3333333333
2,165,73.3333333333
2,166,46.6666666667
2,167,73.3333333333
2,168,26.6666666667
2,169,80.0
2,170,53.3333333333
2,171,46.6666666667
2,172,60.0
2,173,53.3333333333
2,174,53.3333333333
2,175,53.3333333333
2,176,26.6666666667
2,177,86.6666666667
2,178,53.3333333333
2,179,53.3333333333
2,180,53.3333333333
2,181,26.6666666667
2,182,86.6666666667
2,183,53.3333333333
2,184,60.0
2,185,46.6666666667
2,186,73.3333333333
2,187,53.3333333333
2,188,53.3333333333
2,189,46.6666666667
2,190,60.0
2,191,80.0
2,192,46.6666666667
2,193,60.0
2,194,53.3333333333
2,195,60.0
2,196,60.0
2,197,73.3333333333
2,198,66.6666666667
2,199,86.6666666667
2,200,60.0
2,201,86.6666666667
2,202,60.0
2,203,53.3333333333
2,204,53.3333333333
2,205,53.3333333333
2,206,53.3333333333
2,207,53.3333333333
2,208,46.6666666667
2,209,53.3333333333
2,210,60.0
2,211,46.6666666667
2,212,60.0
2,213,26.6666666667
2,214,73.3333333333
2,215,53.3333333333
2,216,53.3333333333
2,217,60.0
2,218,60.0
2,219,66.6666666667
2,220,53.3333333333
2,221,46.6666666667
2,222,53.3333333333
2,223,46.6666666667
2,224,73.3333333333
2,225,53.3333333333
2,226,46.6666666667
2,227,26.6666666667
2,228,53.3333333333
2,229,66.6666666667
2,230,53.3333333333
2,231,26.6666666667
2,232,66.6666666667
2,233,46.6666666667
2,234,60.0
2,235,53.3333333333
2,236,53.3333333333
2,237,60.0
2,238,53.3333333333
2,239,53.3333333333
2,240,86.6666666667
2,241,66.6666666667
2,242,53.3333333333
2,243,53.3333333333
2,244,60.0
2,245,53.3333333333
2,246,60.0
2,247,46.6666666667
2,248,53.3333333333
2,249,46.6666666667
2,250,46.6666666667
2,251,60.0
2,252,66.6666666667
2,253,73.3333333333
2,254,46.6666666667
2,255,73.3333333333
2,256,60.0
2,257,60.0
2,258,53.3333333333
2,259,73.3333333333
2,260,53.3333333333
2,261,53.3333333333
2,262,46.6666666667
2,263,46.6666666667
2,264,46.6666666667
2,265,60.0
2,266,73.3333333333
2,267,26.6666666667
2,268,46.6666666667
2,269,53.3333333333
2,270,53.3333333333
2,271,66.6666666667
2,272,53.3333333333
2,273,46.6666666667
2,274,66.6666666667
2,275,46.6666666667
2,276,46.6666666667
2,277,26.6666666667
2,278,73.3333333333
2,279,73.3333333333
2,280,60.0
2,281,93.3333333333
2,282,60.0
2,283,53.3333333333
2,284,73.3333333333
2,285,53.3333333333
2,286,53.3333333333
2,287,46.6666666667
2,288,53.3333333333
2,289,26.6666666667
2,290,93.3333333333
2,291,53.3333333333
2,292,26.6666666667
2,293,60.0
2,294,46.6666666667
2,295,46.6666666667
2,296,53.3333333333
2,297,60.0
2,298,53.3333333333
2,299,46.6666666667
2,300,53.3333333333
2,301,53.3333333333
2,302,53.3333333333
2,303,46.6666666667
2,304,46.6666666667
2,305,46.6666666667
2,306,53.3333333333
2,307,53.3333333333
2,308,53.3333333333
2,309,53.3333333333
2,310,26.6666666667
2,311,53.3333333333
2,312,46.6666666667
2,313,26.6666666667
2,314,73.3333333333
2,315,66.6666666667
2,316,73.3333333333
2,317,53.3333333333
2,318,53.3333333333
2,319,53.3333333333
2,320,73.3333333333
2,321,60.0
2,322,46.6666666667
2,323,53.3333333333
2,324,46.6666666667
2,325,53.3333333333
2,326,46.6666666667
2,327,53.3333333333
2,328,73.3333333333
2,329,53.3333333333
2,330,46.6666666667
2,331,26.6666666667
2,332,53.3333333333
2,333,53.3333333333
2,334,46.6666666667
2,335,53.3333333333
2,336,46.6666666667
2,337,53.3333333333
2,338,53.3333333333
2,339,46.6666666667
2,340,46.6666666667
2,341,53.3333333333
2,342,53.3333333333
2,343,93.3333333333
2,344,53.3333333333
2,345,46.6666666667
2,346,66.6666666667
2,347,60.0
2,348,46.6666666667
2,349,26.6666666667
2,350,46.6666666667
2,351,46.6666666667
2,352,53.3333333333
2,353,60.0
2,354,53.3333333333
2,355,46.6666666667
2,356,46.6666666667
2,357,26.6666666667
2,358,73.3333333333
2,359,46.6666666667
2,360,53.3333333333
2,361,60.0
2,362,80.0
2,363,53.3333333333
2,364,53.3333333333
2,365,46.6666666667
2,366,26.6666666667
2,367,60.0
2,368,46.6666666667
2,369,53.3333333333
2,370,53.3333333333
2,371,53.3333333333
2,372,73.3333333333
2,373,53.3333333333
2,374,26.6666666667
2,375,53.3333333333
2,376,53.3333333333
2,377,60.0
2,378,53.3333333333
2,379,60.0
2,380,53.3333333333
2,381,53.3333333333
2,382,66.6666666667
2,383,66.6666666667
2,384,53.3333333333
2,385,60.0
2,386,53.3333333333
2,387,73.3333333333
2,388,73.3333333333
2,389,46.6666666667
2,390,60.0
2,391,73.3333333333
2,392,26.6666666667
2,393,53.3333333333
2,394,26.6666666667
2,395,53.3333333333
2,396,73.3333333333
2,397,60.0
2,398,46.6666666667
2,399,26.6666666667
2,400,53.3333333333
2,401,66.6666666667
2,402,46.6666666667
2,403,46.6666666667
2,404,53.3333333333
2,405,26.6666666667
2,406,53.3333333333
2,407,53.3333333333
2,408,46.6666666667
2,409,60.0
2,410,80.0
2,411,53.3333333333
2,412,53.3333333333
2,413,73.3333333333
2,414,53.3333333333
2,415,80.0
2,416,73.3333333333
2,417,46.6666666667
2,418,73.3333333333
2,419,60.0
2,420,53.3333333333
2,421,53.3333333333
2,422,53.3333333333
2,423,86.6666666667
2,424,66.6666666667
2,425,53.3333333333
2,426,60.0
2,427,46.6666666667
2,428,60.0
2,429,53.3333333333
2,430,26.6666666667
2,431,46.6666666667
2,432,46.6666666667
2,433,46.6666666667
2,434,46.6666666667
2,435,53.3333333333
2,436,60.0
2,437,60.0
2,438,53.3333333333
2,439,60.0
2,440,53.3333333333
2,441,53.3333333333
2,442,46.6666666667
2,443,80.0
2,444,60.0
2,445,53.3333333333
2,446,73.3333333333
2,447,53.3333333333
2,448,53.3333333333
2,449,60.0
2,450,66.6666666667
2,451,46.6666666667
2,452,53.3333333333
2,453,46.6666666667
2,454,53.3333333333
2,455,60.0
2,456,46.6666666667
2,457,46.6666666667
2,458,46.6666666667
2,459,26.6666666667
2,460,46.6666666667
2,461,66.6666666667
2,462,53.3333333333
2,463,26.6666666667
2,464,46.6666666667
2,465,46.6666666667
2,466,26.6666666667
2,467,26.6666666667
2,468,26.6666666667
2,469,46.6666666667
2,470,26.6666666667
2,471,46.6666666667
2,472,26.6666666667
2,473,53.3333333333
2,474,46.6666666667
2,475,60.0
2,476,53.3333333333
2,477,66.6666666667
2,478,53.3333333333
2,479,46.6666666667
2,480,60.0
2,481,86.6666666667
2,482,60.0
2,483,26.6666666667
2,484,46.6666666667
2,485,46.6666666667
2,486,46.6666666667
2,487,73.3333333333
2,488,46.6666666667
2,489,53.3333333333
2,490,53.3333333333
2,491,80.0
2,492,60.0
2,493,46.6666666667
2,494,60.0
2,495,46.6666666667
2,496,73.3333333333
2,497,60.0
2,498,46.6666666667
2,499,53.3333333333
2,500,60.0
2,501,60.0
2,502,86.6666666667
2,503,53.3333333333
2,504,46.6666666667
2,505,53.3333333333
2,506,46.6666666667
2,507,46.6666666667
2,508,60.0
2,509,26.6666666667
2,510,53.3333333333
2,511,53.3333333333
2,512,53.3333333333
2,513,60.0
2,514,60.0
2,515,53.3333333333
2,516,46.6666666667
2,517,53.3333333333
2,518,46.6666666667
2,519,53.3333333333
2,520,46.6666666667
2,521,26.6666666667
2,522,46.6666666667
2,523,46.6666666667
2,524,66.6666666667
2,525,53.3333333333
2,526,66.6666666667
2,527,53.3333333333
2,528,46.6666666667
2,529,53.3333333333
2,530,60.0
2,531,60.0
2,532,53.3333333333
2,533,53.3333333333
2,534,66.6666666667
2,535,66.6666666667
2,536,46.6666666667
2,537,53.3333333333
2,538,46.6666666667
2,539,60.0
2,540,73.3333333333
2,541,53.3333333333
2,542,53.3333333333
2,543,46.6666666667
2,544,46.6666666667
2,545,53.3333333333
2,546,46.6666666667
2,547,60.0
2,548,46.6666666667
2,549,53.3333333333
2,550,73.3333333333
2,551,60.0
2,552,46.6666666667
2,553,46.6666666667
2,554,73.3333333333
2,555,26.6666666667
2,556,73.3333333333
2,557,60.0
2,558,53.3333333333
2,559,73.3333333333
2,560,26.6666666667
2,561,66.6666666667
2,562,73.3333333333
2,563,46.6666666667
2,564,73.3333333333
2,565,46.6666666667
2,566,60.0
2,567,26.6666666667
2,568,46.6666666667
2,569,80.0
2,570,46.6666666667
2,571,73.3333333333
2,572,80.0
2,573,53.3333333333
2,574,53.3333333333
2,575,53.3333333333
2,576,53.3333333333
2,577,53.3333333333
2,578,53.3333333333
2,579,46.6666666667
2,580,46.6666666667
2,581,53.3333333333
2,582,60.0
2,583,53.3333333333
2,584,80.0
2,585,73.3333333333
2,586,46.6666666667
2,587,46.6666666667
2,588,46.6666666667
2,589,73.3333333333
2,590,53.3333333333
2,591,26.6666666667
2,592,60.0
2,593,46.6666666667
2,594,46.6666666667
2,595,53.3333333333
2,596,53.3333333333
2,597,46.6666666667
2,598,66.6666666667
2,599,46.6666666667
2,600,46.6666666667
2,601,53.3333333333
2,602,46.6666666667
2,603,60.0
2,604,53.3333333333
2,605,60.0
2,606,80.0
2,607,53.3333333333
2,608,86.6666666667
2,609,46.6666666667
2,610,46.6666666667
2,611,53.3333333333
2,612,26.6666666667
2,613,53.3333333333
2,614,60.0
2,615,46.6666666667
2,616,80.0
2,617,53.3333333333
2,618,93.3333333333
2,619,73.3333333333
2,620,46.6666666667
2,621,53.3333333333
2,622,46.6666666667
2,623,60.0
2,624,60.0
2,625,26.6666666667
2,626,60.0
2,627,53.3333333333
2,628,53.3333333333
2,629,73.3333333333
2,630,53.3333333333
2,631,60.0
2,632,46.6666666667
2,633,60.0
2,634,53.3333333333
2,635,26.6666666667
2,636,46.6666666667
2,637,73.3333333333
2,638,73.3333333333
2,639,53.3333333333
2,640,46.6666666667
2,641,60.0
2,642,46.6666666667
2,643,73.3333333333
2,644,53.3333333333
2,645,53.3333333333
2,646,60.0
2,647,46.6666666667
2,648,46.6666666667
2,649,46.6666666667
2,650,46.6666666667
2,651,60.0
2,652,46.6666666667
2,653,53.3333333333
2,654,73.3333333333
2,655,53.3333333333
2,656,60.0
2,657,53.3333333333
2,658,66.6666666667
2,659,93.3333333333
2,660,73.3333333333
2,661,46.6666666667
2,662,53.3333333333
2,663,73.3333333333
2,664,60.0
2,665,46.6666666667
2,666,60.0
2,667,80.0
2,668,46.6666666667
2,669,26.6666666667
2,670,53.3333333333
2,671,46.6666666667
2,672,46.6666666667
2,673,86.6666666667
2,674,60.0
2,675,46.6666666667
2,676,60.0
2,677,60.0
2,678,46.6666666667
2,679,46.6666666667
2,680,53.3333333333
2,681,46.6666666667
2,682,53.3333333333
2,683,53.3333333333
2,684,53.3333333333
2,685,26.6666666667
2,686,80.0
2,687,86.6666666667
2,688,53.3333333333
2,689,26.6666666667
2,690,66.6666666667
2,691,53.3333333333
2,692,46.6666666667
2,693,73.3333333333
2,694,53.3333333333
2,695,46.6666666667
2,696,93.3333333333
2,697,53.3333333333
2,698,53.3333333333
2,699,46.6666666667
2,700,66.6666666667
2,701,53.3333333333
2,702,46.6666666667
2,703,26.6666666667
2,704,80.0
2,705,53.3333333333
2,706,46.6666666667
2,707,46.6666666667
2,708,73.3333333333
2,709,46.6666666667
2,710,60.0
2,711,53.3333333333
2,712,46.6666666667
2,713,73.3333333333
2,714,46.6666666667
2,715,46.6666666667
2,716,53.3333333333
2,717,73.3333333333
2,718,60.0
2,719,53.3333333333
2,720,66.6666666667
2,721,60.0
2,722,53.3333333333
2,723,46.6666666667
2,724,60.0
2,725,53.3333333333
2,726,53.3333333333
2,727,53.3333333333
2,728,46.6666666667
2,729,46.6666666667
2,730,53.3333333333
2,731,60.0
2,732,46.6666666667
2,733,46.6666666667
2,734,60.0
2,735,53.3333333333
2,736,60.0
2,737,53.3333333333
2,738,53.3333333333
2,739,60.0
2,740,53.3333333333
2,741,53.3333333333
2,742,73.3333333333
2,743,53.3333333333
2,744,46.6666666667
2,745,53.3333333333
2,746,46.6666666667
2,747,53.3333333333
2,748,26.6666666667
2,749,66.6666666667
2,750,53.3333333333
2,751,53.3333333333
2,752,46.6666666667
2,753,53.3333333333
2,754,53.3333333333
2,755,80.0
2,756,53.3333333333
2,757,46.6666666667
2,758,46.6666666667
2,759,53.3333333333
2,760,53.3333333333
2,761,46.6666666667
2,762,66.6666666667
2,763,46.6666666667
2,764,66.6666666667
2,765,53.3333333333
2,766,26.6666666667
2,767,46.6666666667
2,768,53.3333333333
2,769,26.6666666667
2,770,60.0
2,771,53.3333333333
2,772,46.6666666667
2,773,93.3333333333
2,774,46.6666666667
2,775,66.6666666667
2,776,46.6666666667
2,777,60.0
2,778,53.3333333333
2,779,53.3333333333
2,780,46.6666666667
2,781,53.3333333333
2,782,46.6666666667
2,783,73.3333333333
2,784,66.6666666667
2,785,53.3333333333
2,786,26.6666666667
2,787,86.6666666667
2,788,53.3333333333
2,789,86.6666666667
2,790,60.0
2,791,53.3333333333
2,792,46.6666666667
2,793,66.6666666667
2,794,66.6666666667
2,795,73.3333333333
2,796,73.3333333333
2,797,60.0
2,798,53.3333333333
2,799,53.3333333333
2,800,60.0
2,801,66.6666666667
2,802,53.3333333333
2,803,46.6666666667
2,804,26.6666666667
2,805,53.3333333333
2,806,60.0
2,807,53.3333333333
2,808,26.6666666667
2,809,46.6666666667
2,810,53.3333333333
2,811,53.3333333333
2,812,46.6666666667
2,813,53.3333333333
2,814,26.6666666667
2,815,53.3333333333
2,816,66.6666666667
2,817,53.3333333333
2,818,53.3333333333
2,819,46.6666666667
2,820,53.3333333333
2,821,73.3333333333
2,822,60.0
2,823,46.6666666667
2,824,46.6666666667
2,825,66.6666666667
2,826,73.3333333333
2,827,60.0
2,828,53.3333333333
2,829,26.6666666667
2,830,46.6666666667
2,831,46.6666666667
2,832,60.0
2,833,80.0
2,834,46.6666666667
2,835,46.6666666667
2,836,46.6666666667
2,837,46.6666666667
2,838,46.6666666667
2,839,80.0
2,840,80.0
2,841,46.6666666667
2,842,46.6666666667
2,843,26.6666666667
2,844,66.6666666667
2,845,46.6666666667
2,846,46.6666666667
2,847,26.6666666667
2,848,53.3333333333
2,849,60.0
2,850,46.6666666667
2,851,46.6666666667
2,852,46.6666666667
2,853,73.3333333333
2,854,53.3333333333
2,855,60.0
2,856,53.3333333333
2,857,86.6666666667
2,858,86.6666666667
2,859,66.6666666667
2,860,53.3333333333
2,861,66.6666666667
2,862,60.0
2,863,46.6666666667
2,864,73.3333333333
2,865,46.6666666667
2,866,60.0
2,867,46.6666666667
2,868,46.6666666667
2,869,60.0
2,870,46.6666666667
2,871,73.3333333333
2,872,66.6666666667
2,873,26.6666666667
2,874,53.3333333333
2,875,60.0
2,876,86.6666666667
2,877,53.3333333333
2,878,46.6666666667
2,879,46.6666666667
2,880,53.3333333333
2,881,60.0
2,882,53.3333333333
2,883,46.6666666667
2,884,60.0
2,885,73.3333333333
2,886,46.6666666667
2,887,53.3333333333
2,888,60.0
2,889,73.3333333333
2,890,66.6666666667
2,891,46.6666666667
2,892,46.6666666667
2,893,60.0
2,894,53.3333333333
2,895,53.3333333333
2,896,80.0
2,897,60.0
2,898,46.6666666667
2,899,53.3333333333
2,900,46.6666666667
2,901,53.3333333333
2,902,53.3333333333
2,903,66.6666666667
2,904,46.6666666667
2,905,60.0
2,906,46.6666666667
2,907,73.3333333333
2,908,46.6666666667
2,909,26.6666666667
2,910,60.0
2,911,53.3333333333
2,912,53.3333333333
2,913,53.3333333333
2,914,53.3333333333
2,915,73.3333333333
2,916,53.3333333333
2,917,86.6666666667
2,918,26.6666666667
2,919,53.3333333333
2,920,46.6666666667
2,921,46.6666666667
2,922,53.3333333333
2,923,60.0
2,924,73.3333333333
2,925,46.6666666667
2,926,60.0
2,927,53.3333333333
2,928,46.6666666667
2,929,60.0
2,930,73.3333333333
2,931,80.0
2,932,73.3333333333
2,933,46.6666666667
2,934,53.3333333333
2,935,26.6666666667
2,936,46.6666666667
2,937,60.0
2,938,93.3333333333
2,939,60.0
2,940,53.3333333333
2,941,53.3333333333
2,942,53.3333333333
2,943,53.3333333333
2,944,53.3333333333
2,945,46.6666666667
2,946,53.3333333333
2,947,46.6666666667
2,948,53.3333333333
2,949,53.3333333333
2,950,60.0
2,951,53.3333333333
2,952,73.3333333333
2,953,66.6666666667
2,954,53.3333333333
2,955,46.6666666667
2,956,53.3333333333
2,957,46.6666666667
2,958,53.3333333333
2,959,53.3333333333
2,960,60.0
2,961,60.0
2,962,53.3333333333
2,963,53.3333333333
2,964,46.6666666667
2,965,53.3333333333
2,966,66.6666666667
2,967,86.6666666667
2,968,73.3333333333
2,969,46.6666666667
2,970,53.3333333333
2,971,53.3333333333
2,972,26.6666666667
2,973,73.3333333333
2,974,66.6666666667
2,975,53.3333333333
2,976,46.6666666667
2,977,46.6666666667
2,978,73.3333333333
2,979,60.0
2,980,73.3333333333
2,981,60.0
2,982,60.0
2,983,53.3333333333
2,984,60.0
2,985,73.3333333333
2,986,53.3333333333
2,987,46.6666666667
2,988,53.3333333333
2,989,46.6666666667
2,990,73.3333333333
2,991,46.6666666667
2,992,53.3333333333
2,993,53.3333333333
2,994,26.6666666667
2,995,53.3333333333
2,996,80.0
2,997,93.3333333333
2,998,60.0
2,999,46.6666666667
2,1000,66.6666666667
3,1,26.6666666667
3,2,26.6666666667
3,3,46.6666666667
3,4,73.3333333333
3,5,60.0
3,6,73.3333333333
3,7,26.6666666667
3,8,73.3333333333
3,9,80.0
3,10,46.6666666667
3,11,46.6666666667
3,12,60.0
3,13,80.0
3,14,46.6666666667
3,15,26.6666666667
3,16,73.3333333333
3,17,46.6666666667
3,18,86.6666666667
3,19,53.3333333333
3,20,86.6666666667
3,21,60.0
3,22,53.3333333333
3,23,46.6666666667
3,24,46.6666666667
3,25,46.6666666667
3,26,73.3333333333
3,27,46.6666666667
3,28,46.6666666667
3,29,73.3333333333
3,30,53.3333333333
3,31,60.0
3,32,60.0
3,33,53.3333333333
3,34,46.6666666667
3,35,60.0
3,36,46.6666666667
3,37,46.6666666667
3,38,46.6666666667
3,39,93.3333333333
3,40,26.6666666667
3,41,86.6666666667
3,42,26.6666666667
3,43,60.0
3,44,46.6666666667
3,45,46.6666666667
3,46,73.3333333333
3,47,53.3333333333
3,48,73.3333333333
3,49,53.3333333333
3,50,66.6666666667
3,51,26.6666666667
3,52,46.6666666667
3,53,53.3333333333
3,54,60.0
3,55,46.6666666667
3,56,46.6666666667
3,57,86.6666666667
3,58,46.6666666667
3,59,53.3333333333
3,60,46.6666666667
3,61,46.6666666667
3,62,60.0
3,63,53.3333333333
3,64,46.6666666667
3,65,46.6666666667
3,66,73.3333333333
3,67,53.3333333333
3,68,66.6666666667
3,69,60.0
3,70,66.6666666667
3,71,46.6666666667
3,72,53.3333333333
3,73,73.3333333333
3,74,53.3333333333
3,75,53.3333333333
3,76,53.3333333333
3,77,73.3333333333
3,78,26.6666666667
3,79,46.6666666667
3,80,46.6666666667
3,81,46.6666666667
3,82,46.6666666667
3,83,46.6666666667
3,84,53.3333333333
3,85,53.3333333333
3,86,60.0
3,87,53.3333333333
3,88,60.0
3,89,53.3333333333
3,90,53.3333333333
3,91,73.3333333333
3,92,26.6666666667
3,93,60.0
3,94,53.3333333333
3,95,53.3333333333
3,96,60.0
3,97,26.6666666667
3,98,26.6666666667
3,99,66.6666666667
3,100,46.6666666667
3,101,60.0
3,102,26.6666666667
3,103,73.3333333333
3,104,60.0
3,105,53.3333333333
3,106,73.3333333333
3,107,46.6666666667
3,108,26.6666666667
3,109,46.6666666667
3,110,60.0
3,111,53.3333333333
3,112,60.0
3,113,46.6666666667
3,114,26.6666666667
3,115,60.0
3,116,46.6666666667
3,117,60.0
3,118,80.0
3,119,46.6666666667
3,120,73.3333333333
3,121,46.6666666667
3,122,73.3333333333
3,123,53.3333333333
3,124,46.6666666667
3,125,86.6666666667
3,126,73.3333333333
3,127,53.3333333333
3,128,53.3333333333
3,129,46.6666666667
3,130,46.6666666667
3,131,53.3333333333
3,132,46.6666666667
3,133,60.0
3,134,86.6666666667
3,135,53.3333333333
3,136,46.6666666667
3,137,66.6666666667
3,138,26.6666666667
3,139,53.3333333333
3,140,46.6666666667
3,141,53.3333333333
3,142,73.3333333333
3,143,26.6666666667
3,144,73.3333333333
3,145,73.3333333333
3,146,60.0
3,147,46.6666666667
3,148,46.6666666667
3,149,53.3333333333
3,150,60.0
3,151,46.6666666667
3,152,53.3333333333
3,153,46.6666666667
3,154,73.3333333333
3,155,26.6666666667
3,156,46.6666666667
3,157,53.3333333333
3,158,53.3333333333
3,159,86.6666666667
3,160,53.3333333333
3,161,66.6666666667
3,162,93.3333333333
3,163,46.6666666667
3,164,46.6666666667
3,165,26.6666666667
3,166,53.3333333333
3,167,73.3333333333
3,168,26.6666666667
3,169,46.6666666667
3,170,53.3333333333
3,171,66.6666666667
3,172,26.6666666667
3,173,73.3333333333
3,174,46.6666666667
3,175,73.3333333333
3,176,73.3333333333
3,177,46.6666666667
3,178,53.3333333333
3,179,46.6666666667
3,180,46.6666666667
3,181,53.3333333333
3,182,46.6666666667
3,183,60.0
3,184,80.0
3,185,53.3333333333
3,186,53.3333333333
3,187,53.3333333333
3,188,46.6666666667
3,189,86.6666666667
3,190,73.3333333333
3,191,60.0
3,192,66.6666666667
3,193,93.3333333333
3,194,46.6666666667
3,195,46.6666666667
3,196,53.3333333333
3,197,46.6666666667
3,198,53.3333333333
3,199,93.3333333333
3,200,73.3333333333
3,201,53.3333333333
3,202,53.3333333333
3,203,46.6666666667
3,204,60.0
3,205,46.6666666667
3,206,26.6666666667
3,207,46.6666666667
3,208,73.3333333333
3,209,73.3333333333
3,210,26.6666666667
3,211,66.6666666667
3,212,46.6666666667
3,213,60.0
3,214,53.3333333333
3,215,53.3333333333
3,216,53.3333333333
3,217,60.0
3,218,60.0
3,219,26.6666666667
3,220,86.6666666667
3,221,46.6666666667
3,222,46.6666666667
3,223,46.6666666667
3,224,73.3333333333
3,225,73.3333333333
3,226,60.0
3,227,26.6666666667
3,228,46.6666666667
3,229,46.6666666667
3,230,53.3333333333
3,231,46.6666666667
3,232,53.3333333333
3,233,93.3333333333
3,234,46.6666666667
3,235,73.3333333333
